{"theta_": [[0.4473684210526316, 0.18421052631578946, 0.34210526315789475, 1.631578947368421, 0.5, 0.47368421052631576, 0.7631578947368421], [1.5526315789473684, 0.8421052631578947, 0.9210526315789473, 2.3421052631578947, 1.263157894736842, 1.263157894736842, 1.631578947368421]], "sigma_": [[0.2472299179229571, 0.2029085882830678, 0.3829639899451175, 0.9168975079506576, 0.6710526326043975, 0.4598337960393006, 0.5491689760947024], [0.9314404442387467, 0.8698060952082757, 1.1779778403606307, 0.6987534636293283, 1.0886426603052284, 0.8254847655683865, 1.0221606658453943]], "class_prior_": [0.5, 0.5], "classes_": [0, 1]}